{"cameraMode":{"drawMode":0,"name":"Shaded","section":"Shading Mode"},"sceneLighting":false,"audioPlay":false,"sceneViewState":{"showFog":true,"showMaterialUpdate":false,"showSkybox":true,"showFlares":true,"showImageEffects":true,"showParticleSystems":true},"in2DMode":false,"pivot":{"x":0.0,"y":0.5299999713897705,"z":-49.81999969482422},"rotation":{"x":-0.21866661310195924,"y":-0.07456059008836746,"z":0.01675993949174881,"w":-0.9728025197982788},"size":2.8578836917877199,"orthographic":false}