{"cameraMode":{"drawMode":0,"name":"Shaded","section":"Shading Mode"},"sceneLighting":false,"audioPlay":false,"sceneViewState":{"showFog":true,"showMaterialUpdate":false,"showSkybox":true,"showFlares":true,"showImageEffects":true,"showParticleSystems":true},"in2DMode":false,"pivot":{"x":-3.369999885559082,"y":0.5899999141693115,"z":-26.489999771118165},"rotation":{"x":-0.42534562945365908,"y":0.051547806710004809,"z":-0.024273041635751725,"w":-0.9032357335090637},"size":5.472431182861328,"orthographic":false}